UID: 531298197,Company Name: ,Country: 
Uid,Date & Time(UTC),Coin,QTY,Type,Account Balance,Description
531298197,2026-09-22 00:41:47,USDT,0.103000000000000000,Earn,1.272700000000000000,Easy Earn | Flexible Interest Distribution
531298197,2026-09-22 00:37:20,ETH,0.000003680000000000,Earn,0.000097820000000000,Easy Earn | Flexible Interest Distribution
531298197,2026-09-21 00:43:57,USDT,0.094100000000000000,Earn,1.169700000000000000,Easy Earn | Flexible Interest Distribution
531298197,2026-09-21 00:18:32,ETH,0.000003680000000000,Earn,0.000094140000000000,Easy Earn | Flexible Interest Distribution
531298197,2026-09-20 00:45:54,USDT,0.092500000000000000,Earn,1.075600000000000000,Easy Earn | Flexible Interest Distribution
531298197,2026-09-20 00:22:48,ETH,0.000003680000000000,Earn,0.000090460000000000,Easy Earn | Flexible Interest Distribution
531298197,2026-09-19 00:34:08,USDT,0.084900000000000000,Earn,0.983100000000000000,Easy Earn | Flexible Interest Distribution
531298197,2026-09-19 00:25:59,ETH,0.000003680000000000,Earn,0.000086780000000000,Easy Earn | Flexible Interest Distribution
531298197,2026-09-18 00:40:02,USDT,0.076400000000000000,Earn,0.898200000000000000,Easy Earn | Flexible Interest Distribution
531298197,2026-09-18 00:26:33,ETH,0.000003680000000000,Earn,0.000083100000000000,Easy Earn | Flexible Interest Distribution
531298197,2026-09-17 00:42:09,USDT,0.075100000000000000,Earn,0.821800000000000000,Easy Earn | Flexible Interest Distribution
531298197,2026-09-17 00:29:45,ETH,0.000003680000000000,Earn,0.000079420000000000,Easy Earn | Flexible Interest Distribution
531298197,2026-09-16 00:44:50,USDT,0.076600000000000000,Earn,0.746700000000000000,Easy Earn | Flexible Interest Distribution
531298197,2026-09-16 00:31:52,ETH,0.000003680000000000,Earn,0.000075740000000000,Easy Earn | Flexible Interest Distribution
531298197,2026-09-15 00:46:20,USDT,0.077600000000000000,Earn,0.670100000000000000,Easy Earn | Flexible Interest Distribution
531298197,2026-09-15 00:35:29,ETH,0.000003680000000000,Earn,0.000072060000000000,Easy Earn | Flexible Interest Distribution
531298197,2026-09-14 00:36:31,ETH,0.000003680000000000,Earn,0.000068380000000000,Easy Earn | Flexible Interest Distribution
531298197,2026-09-14 00:27:32,USDT,0.078900000000000000,Earn,0.592500000000000000,Easy Earn | Flexible Interest Distribution
531298197,2026-09-13 00:38:24,USDT,0.078600000000000000,Earn,0.513600000000000000,Easy Earn | Flexible Interest Distribution
531298197,2026-09-13 00:36:38,ETH,0.000003680000000000,Earn,0.000064700000000000,Easy Earn | Flexible Interest Distribution
531298197,2026-09-12 00:40:19,USDT,0.079300000000000000,Earn,0.435000000000000000,Easy Earn | Flexible Interest Distribution
531298197,2026-09-12 00:37:16,ETH,0.000003680000000000,Earn,0.000061020000000000,Easy Earn | Flexible Interest Distribution
531298197,2026-09-11 00:42:08,USDT,0.085800000000000000,Earn,0.355700000000000000,Easy Earn | Flexible Interest Distribution
531298197,2026-09-11 00:17:19,ETH,0.000003680000000000,Earn,0.000057340000000000,Easy Earn | Flexible Interest Distribution
531298197,2026-09-10 00:44:34,USDT,0.094900000000000000,Earn,0.269900000000000000,Easy Earn | Flexible Interest Distribution
531298197,2026-09-10 00:20:24,ETH,0.000003680000000000,Earn,0.000053660000000000,Easy Earn | Flexible Interest Distribution
531298197,2026-09-09 00:46:37,USDT,0.095200000000000000,Earn,0.175000000000000000,Easy Earn | Flexible Interest Distribution
531298197,2026-09-09 00:23:25,ETH,0.000003680000000000,Earn,0.000049980000000000,Easy Earn | Flexible Interest Distribution
531298197,2026-09-08 00:38:02,USDT,0.079800000000000000,Earn,0.079800000000000000,Easy Earn | Flexible Interest Distribution
531298197,2026-09-08 00:26:00,ETH,0.000003680000000000,Earn,0.000046300000000000,Easy Earn | Flexible Interest Distribution
531298197,2026-09-07 08:21:07,USDT,-0.850700000000000000,Earn,0.000000000000000000,Easy Earn | Flexible Subscription
531298197,2026-09-07 00:40:05,USDT,0.056500000000000000,Earn,0.850700000000000000,Easy Earn | Flexible Interest Distribution
531298197,2026-09-07 00:27:54,ETH,0.000003680000000000,Earn,0.000042620000000000,Easy Earn | Flexible Interest Distribution
531298197,2026-09-06 00:41:56,USDT,0.056600000000000000,Earn,0.794200000000000000,Easy Earn | Flexible Interest Distribution
531298197,2026-09-06 00:28:48,ETH,0.000003680000000000,Earn,0.000038940000000000,Easy Earn | Flexible Interest Distribution
531298197,2026-09-05 00:43:53,USDT,0.058800000000000000,Earn,0.737600000000000000,Easy Earn | Flexible Interest Distribution
531298197,2026-09-05 00:31:53,ETH,0.000003680000000000,Earn,0.000035260000000000,Easy Earn | Flexible Interest Distribution
531298197,2026-09-04 00:46:08,USDT,0.056200000000000000,Earn,0.678800000000000000,Easy Earn | Flexible Interest Distribution
531298197,2026-09-04 00:34:56,ETH,0.000003680000000000,Earn,0.000031580000000000,Easy Earn | Flexible Interest Distribution
531298197,2026-09-03 00:37:34,USDT,0.054600000000000000,Earn,0.622600000000000000,Easy Earn | Flexible Interest Distribution
531298197,2026-09-03 00:37:00,ETH,0.000003680000000000,Earn,0.000027900000000000,Easy Earn | Flexible Interest Distribution
531298197,2026-09-02 00:39:33,USDT,0.054600000000000000,Earn,0.568000000000000000,Easy Earn | Flexible Interest Distribution
531298197,2026-09-02 00:16:16,ETH,0.000003680000000000,Earn,0.000024220000000000,Easy Earn | Flexible Interest Distribution
531298197,2026-09-01 00:41:55,USDT,0.054700000000000000,Earn,0.513400000000000000,Easy Earn | Flexible Interest Distribution
531298197,2026-09-01 00:19:00,ETH,0.000003680000000000,Earn,0.000020540000000000,Easy Earn | Flexible Interest Distribution
531298197,2026-08-31 00:43:33,USDT,0.055400000000000000,Earn,0.458700000000000000,Easy Earn | Flexible Interest Distribution
531298197,2026-08-31 00:23:28,ETH,0.000003680000000000,Earn,0.000016860000000000,Easy Earn | Flexible Interest Distribution
531298197,2026-08-30 00:45:12,USDT,0.055700000000000000,Earn,0.403300000000000000,Easy Earn | Flexible Interest Distribution
531298197,2026-08-30 00:32:14,BTC,0.000001220000000000,Earn,0.001496140000000000,Easy Earn | Fixed Interest Distribution
531298197,2026-08-30 00:32:14,BTC,0.001494920000000000,Earn,0.001494920000000000,Easy Earn | Fixed Redemption
531298197,2026-08-30 00:25:39,ETH,0.000003680000000000,Earn,0.000013180000000000,Easy Earn | Flexible Interest Distribution
531298197,2026-08-29 00:36:57,USDT,0.057100000000000000,Earn,0.347600000000000000,Easy Earn | Flexible Interest Distribution
531298197,2026-08-29 00:27:06,ETH,0.000003680000000000,Earn,0.000009500000000000,Easy Earn | Flexible Interest Distribution
531298197,2026-08-28 00:39:40,USDT,0.057300000000000000,Earn,0.290500000000000000,Easy Earn | Flexible Interest Distribution
531298197,2026-08-28 00:31:12,ETH,0.000003680000000000,Earn,0.000005820000000000,Easy Earn | Flexible Interest Distribution
531298197,2026-08-27 00:42:44,USDT,0.033200000000000000,Earn,0.233200000000000000,Easy Earn | Flexible Interest Distribution
531298197,2026-08-27 00:34:13,ETH,0.000002140000000000,Earn,0.000002140000000000,Easy Earn | Flexible Interest Distribution
531298197,2026-08-26 08:46:27,USDT,-399.000000000000000000,Earn,0.200000000000000000,Easy Earn | Flexible Subscription
531298197,2026-08-26 08:45:04,USDT,-200.000000000000000000,Earn,399.200000000000000000,Easy Earn | Flexible Subscription
531298197,2026-08-25 08:23:55,USDT,599.200000000000000000,Deposit,599.200000000000000000,Deposit (Internal Transfer)
531298197,2026-08-06 10:52:43,USDT,-149.200000000000000000,Withdraw,0.000000000000000000,Withdrawal
531298197,2026-08-06 10:52:42,USDT,149.200000000000000000,Transfer in,149.200000000000000000,Transfer from Unified Trading Account
531298197,2026-05-23 21:16:34,USDT,-1107.320000000000000000,Transfer out,0.000000000000000000,Transfer to Unified Trading Account
531298197,2026-05-16 20:15:53,USDT,-150.000000000000000000,Withdraw,1107.320000000000000000,Withdrawal
531298197,2026-04-13 12:28:56,USDT,-10.000000000000000000,Withdraw,1257.320000000000000000,Withdrawal
531298197,2026-03-25 10:35:19,USDT,755.820000000000000000,Deposit,1267.320000000000000000,Deposit (Internal Transfer)
531298197,2026-03-24 07:21:30,USDT,-6.000000000000000000,Withdraw,511.500000000000000000,Withdrawal
531298197,2026-03-20 10:20:58,ETH,-0.002876230000000000,Withdraw,0.000000000000000000,Withdrawal
531298197,2026-03-20 10:20:58,ETH,0.002876230000000000,Transfer in,0.002876230000000000,Transfer from Unified Trading Account
531298197,2026-03-20 08:11:40,TRX,-99.820000000000000000,Withdraw,0.000000000000000000,Withdrawal
531298197,2026-03-20 08:11:40,TRX,99.820000000000000000,Transfer in,99.820000000000000000,Transfer from Unified Trading Account
531298197,2026-02-14 20:45:54,ETH,-0.078661260000000000,Withdraw,0.000000000000000000,Withdrawal
531298197,2026-02-14 20:45:54,ETH,0.078661260000000000,Transfer in,0.078661260000000000,Transfer from Unified Trading Account
531298197,2026-02-12 09:32:05,USDT,-151.000000000000000000,Withdraw,517.500000000000000000,Withdrawal
531298197,2026-02-12 08:17:37,USDT,-1250.000000000000000000,Transfer out,668.500000000000000000,Transfer to Unified Trading Account
531298197,2026-02-10 08:05:49,USDT,1918.500000000000000000,Deposit,1918.500000000000000000,Deposit (Internal Transfer)
531298197,2026-01-09 22:06:11,BTC,-0.005512060000000000,Withdraw,0.000000000000000000,Withdrawal
531298197,2026-01-09 22:06:11,BTC,0.005512060000000000,Transfer in,0.005512060000000000,Transfer from Unified Trading Account
531298197,2026-01-09 21:54:57,USDT,-500.560000000000000000,Transfer out,0.000000000000000000,Transfer to Unified Trading Account
531298197,2026-01-09 21:54:57,USDT,500.560000000000000000,Deposit,500.560000000000000000,Deposit
531298197,2026-01-09 21:48:56,TRX,-50.099850000000000000,Withdraw,0.000000000000000000,Withdrawal
531298197,2026-01-09 21:48:55,TRX,50.099850000000000000,Transfer in,50.099850000000000000,Transfer from Unified Trading Account
