Contract,Filled Qty,Qty,Avg. Entry price,Avg. Closed price,Direction,Filled Type,Results,Close P&L,ROI,Open Fee,Close Fee,Close Time (UTC)
XAUT-25SEP26-4400-C-USDT,0.50000000000000000000,0.50000000000000000000,175.50000000000000000000,49.20000000000000000000,SELL,Trade,Loss,-64.46793488000000000000,-73.47%,0.65931807000000000000,0.65861681000000000000,14:38 2026-09-18
XAUT-25SEP26-4400-P-USDT,0.50000000000000000000,0.50000000000000000000,146.30000000000000000000,56.30000000000000000000,SELL,Trade,Loss,-46.31793117000000000000,-63.32%,0.65929268000000000000,0.65863849000000000000,14:38 2026-09-18
ETH-25SEP26-2100-C-USDT,0.50000000000000000000,0.50000000000000000000,265.00000000000000000000,369.40000000000000000000,SELL,Trade,Win,51.62160536000000000000,38.96%,0.20853935000000000000,0.36985529000000000000,20:41 2026-09-17
ETH-25SEP26-2100-C-USDT,0.50000000000000000000,0.50000000000000000000,265.00000000000000000000,409.40000000000000000000,SELL,Trade,Win,71.61822561000000000000,54.05%,0.20853934000000000000,0.37323505000000000000,12:43 2026-08-28
ETH-25SEP26-2100-C-USDT,0.50000000000000000000,0.50000000000000000000,265.00000000000000000000,439.00000000000000000000,SELL,Trade,Win,86.54067403000000000000,65.31%,0.20853934000000000000,0.25078663000000000000,21:02 2026-08-24
ETH-25DEC26-1900-C-USDT,0.50000000000000000000,0.50000000000000000000,285.60000000000000000000,694.90000000000000000000,SELL,Trade,Win,203.98572654000000000000,142.85%,0.28775674000000000000,0.37651672000000000000,21:00 2026-08-24
ETH-25SEP26-2000-C-USDT,1.50000000000000000000,1.50000000000000000000,243.33333334000000000000,363.30000000000000000000,SELL,Trade,Win,178.30606175000000000000,48.85%,0.59420937000000000000,1.04972888000000000000,23:52 2026-08-20
ETH-25SEP26-1600-P-USDT,1.00000000000000000000,1.00000000000000000000,207.00000000000000000000,44.80000000000000000000,SELL,Trade,Loss,-163.09022113000000000000,-78.79%,0.31805117000000000000,0.57216996000000000000,13:37 2026-07-30
ETH-25SEP26-1800-C-USDT,1.00000000000000000000,1.00000000000000000000,160.00000000000000000000,223.20000000000000000000,SELL,Trade,Win,62.29023777000000000000,38.93%,0.33425830000000000000,0.57550393000000000000,04:24 2026-07-29
ETH-25SEP26-1600-C-USDT,2.00000000000000000000,2.00000000000000000000,211.00000000000000000000,368.10000000000000000000,SELL,Trade,Win,312.25099298000000000000,73.99%,0.79619448000000000000,1.15281254000000000000,04:17 2026-07-29
ETH-5JUN26-2100-C-USDT,1.50000000000000000000,1.50000000000000000000,95.00000000000000000000,60.80000000000000000000,SELL,Trade,Loss,-52.86648914000000000000,-37.1%,0.63027836000000000000,0.93621078000000000000,22:17 2026-05-24
ETH-5JUN26-2200-C-USDT,1.50000000000000000000,1.50000000000000000000,92.00000000000000000000,47.10000000000000000000,SELL,Trade,Loss,-68.63219452000000000000,-49.73%,0.65564893000000000000,0.62654559000000000000,02:29 2026-05-19
ETH-29MAY26-2400-C-USDT,1.00000000000000000000,1.00000000000000000000,176.90000000000000000000,162.50000000000000000000,SELL,Trade,Loss,-15.80259856000000000000,-8.93%,0.70462418000000000000,0.69797438000000000000,19:09 2026-04-19
ETH-24APR26-2200-C-USDT,0.60000000000000000000,0.60000000000000000000,93.25000000000000000000,167.40000000000000000000,SELL,Trade,Win,43.96822985000000000000,78.58%,0.24421904000000000000,0.27755111000000000000,06:16 2026-04-14
ETH-24APR26-2200-C-USDT,0.60000000000000000000,0.60000000000000000000,93.25000000000000000000,148.80000000000000000000,SELL,Trade,Win,32.81089807000000000000,58.64%,0.24421904000000000000,0.27488289000000000000,06:14 2026-04-14
ETH-24APR26-2200-C-USDT,0.80000000000000000000,0.80000000000000000000,93.25000000000000000000,130.20000000000000000000,SELL,Trade,Win,28.87229816000000000000,38.7%,0.32562538000000000000,0.36207646000000000000,03:52 2026-04-14
